accuracy,precision,recall,macro f1,micro f1
0.2325,0.2325554805536805,0.2325,0.23252741162965604,0.2325
