result_rmse,result_corr
2.9678845,0.4482975406475863
